{"cameraMode":{"drawMode":0,"name":"Shaded","section":"Shading Mode"},"sceneLighting":true,"audioPlay":false,"sceneViewState":{"showFog":true,"showMaterialUpdate":false,"showSkybox":true,"showFlares":true,"showImageEffects":true,"showParticleSystems":true},"in2DMode":false,"pivot":{"x":-6.408510208129883,"y":3.3855438232421877,"z":1.3524856567382813},"rotation":{"x":0.051667470484972,"y":0.9425055980682373,"z":-0.2810598909854889,"w":0.17326019704341889},"size":26.083166122436525,"orthographic":false}